id_pauta,id_punto_focalizado,interseccion_pauta,equipo,cuadrante,meta_pcsp,metas_pcsp_asociadas,motivo_survey,orden_ruta,latitud,longitud,casos_meta_pcsp,puntaje_pcsp,tiene_meta_pcsp,fecha_generacion_pauta
PF_PCSP_20260907_20261004,PF_PCSP_20260907_20261004_218C_001,Alberto Llona & Av. 5 De Abril,Delta,218C,Robos violentos,Robos violentos,Robos violentos,1,-33.510466,-70.755613,1,14.0,True,2026-10-06 17:23:05
PF_PCSP_20260907_20261004,PF_PCSP_20260907_20261004_218C_002,Av. 5 De Abril & Corredor Transantiago 5 De Abril,Delta,218C,Robo en lugar habitado,Robo en lugar habitado,Robo en lugar habitado,2,-33.5104315,-70.7539364,0,4.0,False,2026-10-06 17:23:05
PF_PCSP_20260907_20261004,PF_PCSP_20260907_20261004_218C_003,Av. 5 De Abril & Av. Los Pajaritos,Delta,218C,Alcohol y drogas en vía pública,Alcohol y drogas en vía pública,Alcohol y drogas,3,-33.5105017,-70.757457,1,14.0,True,2026-10-06 17:23:05
PF_PCSP_20260907_20261004,PF_PCSP_20260907_20261004_218C_004,Chacabuco & Monumento,Delta,218C,Robo en lugar habitado,Robo en lugar habitado,Robo en lugar habitado,4,-33.5090479,-70.7588612,0,4.0,False,2026-10-06 17:23:05
PF_PCSP_20260907_20261004,PF_PCSP_20260907_20261004_218C_005,Chacabuco & Pje. Isla De Pascua,Delta,218C,Robo en lugar habitado,Robo en lugar habitado,Robo en lugar habitado,5,-33.5090789,-70.761279,1,14.0,True,2026-10-06 17:23:05
PF_PCSP_20260907_20261004,PF_PCSP_20260907_20261004_218C_006,Camino A Rinconada & Corredor Transantiago 5 De Abril,Delta,218C,Robo en lugar habitado,Robo en lugar habitado,Robo en lugar habitado,6,-33.510762,-70.7630384,0,2.0,False,2026-10-06 17:23:05
PF_PCSP_20260907_20261004,PF_PCSP_20260907_20261004_215C_007,Manchester & Orleans,Motoristas,215C,Robos violentos,Robos violentos,Robos violentos,1,-33.4734547,-70.736242,1,10.0,True,2026-10-06 17:23:05
PF_PCSP_20260907_20261004,PF_PCSP_20260907_20261004_215C_008,Berkley & Miami,Motoristas,215C,Robos violentos,Robos violentos,Robos violentos,2,-33.4755323,-70.7391381,0,2.0,False,2026-10-06 17:23:05
PF_PCSP_20260907_20261004,PF_PCSP_20260907_20261004_215C_009,Av. Los Pajaritos & Pje. Pilatos,Motoristas,215C,Robos violentos,Robos violentos,Robos violentos,3,-33.4794839,-70.7428884,0,2.0,False,2026-10-06 17:23:05
PF_PCSP_20260907_20261004,PF_PCSP_20260907_20261004_215C_010,Av. Los Pajaritos & Pje. Los Apóstoles,Motoristas,215C,Robos violentos,Robos violentos,Robos violentos,4,-33.4838066,-70.7460586,0,2.0,False,2026-10-06 17:23:05
PF_PCSP_20260907_20261004,PF_PCSP_20260907_20261004_215C_011,Av. Las Torres & Av. Simón Bolívar,Motoristas,215C,Robos violentos,Robos violentos,Robos violentos,5,-33.4794588,-70.7315294,1,10.0,True,2026-10-06 17:23:05
PF_PCSP_20260907_20261004,PF_PCSP_20260907_20261004_215C_012,Av. Simón Bolívar & Av. Sta. Corina,Motoristas,215C,Robos violentos,Robos violentos,Robos violentos,6,-33.4733295,-70.7223958,0,4.0,False,2026-10-06 17:23:05
PF_PCSP_20260907_20261004,PF_PCSP_20260907_20261004_216B_013,De La Música & Pje. Los Tenores,Motoristas,216B,Robo en lugar habitado,Robo en lugar habitado,Robo en lugar habitado,1,-33.4897316,-70.761705,2,20.0,True,2026-10-06 17:23:05
PF_PCSP_20260907_20261004,PF_PCSP_20260907_20261004_216B_014,Batalla De Chorrillos & Pdte. Jorge Alessandri Rodríguez,Motoristas,216B,Robo en lugar habitado,Robo en lugar habitado,Robo en lugar habitado,2,-33.4838899,-70.7628441,1,10.0,True,2026-10-06 17:23:05
PF_PCSP_20260907_20261004,PF_PCSP_20260907_20261004_216B_015,Los Copihues & Los Jardines De Maipú,Motoristas,216B,Robos violentos,Robos violentos,Robos violentos,3,-33.4842857,-70.7668806,1,10.0,True,2026-10-06 17:23:05
PF_PCSP_20260907_20261004,PF_PCSP_20260907_20261004_216B_016,Pje. Batalla De Maipú & Teatro Municipal,Motoristas,216B,Robo en lugar habitado,Robo en lugar habitado,Robo en lugar habitado,4,-33.4903925,-70.7703907,0,4.0,False,2026-10-06 17:23:05
PF_PCSP_20260907_20261004,PF_PCSP_20260907_20261004_216B_017,Los Tulipanes & Provincias Unidas,Motoristas,216B,Robo en lugar habitado,Robo en lugar habitado,Robo en lugar habitado,5,-33.4874723,-70.7749075,0,2.0,False,2026-10-06 17:23:05
PF_PCSP_20260907_20261004,PF_PCSP_20260907_20261004_216B_018,Isabel Riquelme & Río Colorado,Motoristas,216B,Robo en lugar habitado,Robo en lugar habitado,Robo en lugar habitado,6,-33.4893245,-70.7528624,0,2.0,False,2026-10-06 17:23:05
PF_PCSP_20260907_20261004,PF_PCSP_20260907_20261004_217B_019,Pje. Camilo Henríquez & Pje. Padre Alberto Hurtado,Motoristas,217B,Alcohol y drogas en vía pública,Alcohol y drogas en vía pública,Alcohol y drogas,1,-33.5223376,-70.7561524,1,14.0,True,2026-10-06 17:23:05
PF_PCSP_20260907_20261004,PF_PCSP_20260907_20261004_217B_020,Alberto Llona & Av. Los Pajaritos,Motoristas,217B,Alcohol y drogas en vía pública,Alcohol y drogas en vía pública,Alcohol y drogas,2,-33.5266998,-70.7569718,0,4.0,False,2026-10-06 17:23:05
PF_PCSP_20260907_20261004,PF_PCSP_20260907_20261004_217B_021,Capri & Pje. El Canelo,Motoristas,217B,Robo en lugar habitado,Robo en lugar habitado,Robo en lugar habitado,3,-33.5156802,-70.7491277,1,10.0,True,2026-10-06 17:23:05
PF_PCSP_20260907_20261004,PF_PCSP_20260907_20261004_217B_022,Av. Segunda Transversal & José Manuel Irarrázaval,Motoristas,217B,Alcohol y drogas en vía pública,Alcohol y drogas en vía pública,Alcohol y drogas,4,-33.5133834,-70.7473753,1,10.0,True,2026-10-06 17:23:05
PF_PCSP_20260907_20261004,PF_PCSP_20260907_20261004_217B_023,Av. Esquina Blanca & Capri,Motoristas,217B,Alcohol y drogas en vía pública,Alcohol y drogas en vía pública,Alcohol y drogas,5,-33.5109981,-70.7490453,0,2.0,False,2026-10-06 17:23:05
PF_PCSP_20260907_20261004,PF_PCSP_20260907_20261004_217B_024,Av. Esquina Blanca & Camino A Melipilla,Motoristas,217B,Alcohol y drogas en vía pública,Alcohol y drogas en vía pública,Alcohol y drogas,6,-33.5119925,-70.727721,0,2.0,False,2026-10-06 17:23:05
PF_PCSP_20260907_20261004,PF_PCSP_20260907_20261004_218B_025,Campanario & Pje. El Príncipe,Motoristas,218B,Robo en lugar habitado,Robo en lugar habitado,Robo en lugar habitado,1,-33.5196596,-70.771463,1,10.0,True,2026-10-06 17:23:05
PF_PCSP_20260907_20261004,PF_PCSP_20260907_20261004_218B_026,Pje. Monti & Pje. Pomaire,Motoristas,218B,Robo en lugar habitado,Robo en lugar habitado,Robo en lugar habitado,2,-33.5192311,-70.7731428,0,2.0,False,2026-10-06 17:23:05
PF_PCSP_20260907_20261004,PF_PCSP_20260907_20261004_218B_027,Av. Portales & El Carmen,Motoristas,218B,Robo en lugar habitado,Robo en lugar habitado,Robo en lugar habitado,3,-33.5174334,-70.7634182,0,2.0,False,2026-10-06 17:23:05
PF_PCSP_20260907_20261004,PF_PCSP_20260907_20261004_218B_028,Av. Los Pajaritos & Av. Sur,Motoristas,218B,Robo en lugar habitado,Robo en lugar habitado,Robo en lugar habitado,4,-33.5208723,-70.7573699,0,2.0,False,2026-10-06 17:23:05
PF_PCSP_20260907_20261004,PF_PCSP_20260907_20261004_218B_029,Nueva O'Higgins & Sta. Elena,Motoristas,218B,Robo en lugar habitado,Robo en lugar habitado,Robo en lugar habitado,5,-33.5240537,-70.7630508,0,2.0,False,2026-10-06 17:23:05
PF_PCSP_20260907_20261004,PF_PCSP_20260907_20261004_218B_030,José Manuel Borgoño & República,Motoristas,218B,Robo en lugar habitado,Robo en lugar habitado,Robo en lugar habitado,6,-33.5110737,-70.7672706,0,4.0,False,2026-10-06 17:23:05
PF_PCSP_20260907_20261004,PF_PCSP_20260907_20261004_220B_031,La Galaxia & Pje. Esquilo,Motoristas,220B,Alcohol y drogas en vía pública,Alcohol y drogas en vía pública,Alcohol y drogas,1,-33.5182025,-70.7944939,1,10.0,True,2026-10-06 17:23:05
PF_PCSP_20260907_20261004,PF_PCSP_20260907_20261004_220B_032,San José & Séneca,Motoristas,220B,Robo en lugar habitado,Robo en lugar habitado,Robo en lugar habitado,2,-33.5173484,-70.7933663,0,2.0,False,2026-10-06 17:23:05
PF_PCSP_20260907_20261004,PF_PCSP_20260907_20261004_220B_033,Lo Vásquez & Valle De Los Reyes,Motoristas,220B,Robo en lugar habitado,Robo en lugar habitado,Robo en lugar habitado,3,-33.5157564,-70.7985729,1,10.0,True,2026-10-06 17:23:05
PF_PCSP_20260907_20261004,PF_PCSP_20260907_20261004_220B_034,Campanario & Los Picachos,Motoristas,220B,Robo en lugar habitado,Robo en lugar habitado,Robo en lugar habitado,4,-33.5205962,-70.7982541,0,2.0,False,2026-10-06 17:23:05
PF_PCSP_20260907_20261004,PF_PCSP_20260907_20261004_220B_035,Av. Sur & El Conquistador,Motoristas,220B,Robos violentos,Robos violentos,Robos violentos,5,-33.5223293,-70.7969385,1,10.0,True,2026-10-06 17:23:05
PF_PCSP_20260907_20261004,PF_PCSP_20260907_20261004_220B_036,Av. Sur & Pje. Cerro Negro,Motoristas,220B,Robo en lugar habitado,Robo en lugar habitado,Robo en lugar habitado,6,-33.5222265,-70.7938569,1,10.0,True,2026-10-06 17:23:05
PF_PCSP_20260907_20261004,PF_PCSP_20260907_20261004_215B_037,Gustavo Eiffel & Pje. Tucán,Móviles,215B,Robo en lugar habitado,Robo en lugar habitado,Robo en lugar habitado,1,-33.4705373,-70.7501048,1,12.0,True,2026-10-06 17:23:05
PF_PCSP_20260907_20261004,PF_PCSP_20260907_20261004_215B_038,Av. Longitudinal & Pje. La Curruca,Móviles,215B,Alcohol y drogas en vía pública,Alcohol y drogas en vía pública,Alcohol y drogas,2,-33.4730445,-70.7485803,1,10.0,True,2026-10-06 17:23:05
PF_PCSP_20260907_20261004,PF_PCSP_20260907_20261004_215B_039,Camilo José Cela & Carmen Conde,Móviles,215B,Robos violentos,Robos violentos,Robos violentos,3,-33.4661275,-70.7578672,1,10.0,True,2026-10-06 17:23:05
PF_PCSP_20260907_20261004,PF_PCSP_20260907_20261004_215B_040,Jacinto Benavente & Marqués De Santillana,Móviles,215B,Robo en lugar habitado,Robo en lugar habitado,Robo en lugar habitado,4,-33.4649829,-70.7596457,1,10.0,True,2026-10-06 17:23:05
PF_PCSP_20260907_20261004,PF_PCSP_20260907_20261004_217A_041,Anunciación & Pje. Karin,Móviles,217A,Robo en lugar habitado,Robo en lugar habitado,Robo en lugar habitado,1,-33.4953132,-70.756071,1,14.0,True,2026-10-06 17:23:05
PF_PCSP_20260907_20261004,PF_PCSP_20260907_20261004_217A_042,Primera Transversal & Rafael Riesco,Móviles,217A,Robos violentos,Robos violentos,Robos violentos,2,-33.496302,-70.751466,1,12.0,True,2026-10-06 17:23:05
PF_PCSP_20260907_20261004,PF_PCSP_20260907_20261004_217A_043,El Greco & Pje. Nº2,Móviles,217A,Robo en lugar habitado,Robo en lugar habitado,Robo en lugar habitado,3,-33.4986089,-70.7505476,1,10.0,True,2026-10-06 17:23:05
PF_PCSP_20260907_20261004,PF_PCSP_20260907_20261004_217A_044,Acuario & Aries,Móviles,217A,Robo en lugar habitado,Robo en lugar habitado,Robo en lugar habitado,4,-33.4978557,-70.7477278,0,2.0,False,2026-10-06 17:23:05
PF_PCSP_20260907_20261004,PF_PCSP_20260907_20261004_217A_045,Pamela & Pje. Conde De La Comquista,Móviles,217A,Alcohol y drogas en vía pública,Alcohol y drogas en vía pública,Alcohol y drogas,5,-33.5031112,-70.745192,1,10.0,True,2026-10-06 17:23:05
PF_PCSP_20260907_20261004,PF_PCSP_20260907_20261004_217A_046,1 Sur & Primera Transversal,Móviles,217A,Robo en lugar habitado,Robo en lugar habitado,Robo en lugar habitado,6,-33.505496,-70.7527397,0,2.0,False,2026-10-06 17:23:05
PF_PCSP_20260907_20261004,PF_PCSP_20260907_20261004_218A_047,Av. De La Victoria & Maipú,Móviles,218A,Robo en lugar habitado,Robo en lugar habitado,Robo en lugar habitado,1,-33.5070935,-70.7687625,1,12.0,True,2026-10-06 17:23:05
PF_PCSP_20260907_20261004,PF_PCSP_20260907_20261004_218A_048,El Porvenir & Miraflores,Móviles,218A,Robos violentos,Robos violentos,Robos violentos,2,-33.500925,-70.7732997,1,10.0,True,2026-10-06 17:23:05
PF_PCSP_20260907_20261004,PF_PCSP_20260907_20261004_218A_049,Gral. San Martín & Pje. Las Montañas,Móviles,218A,Robo en lugar habitado,Robo en lugar habitado,Robo en lugar habitado,3,-33.4980687,-70.7642021,0,6.0,False,2026-10-06 17:23:05
PF_PCSP_20260907_20261004,PF_PCSP_20260907_20261004_218A_050,Libertador Bernardo O'Higgins & Manuel Rodríguez,Móviles,218A,Robo en lugar habitado,Robo en lugar habitado,Robo en lugar habitado,4,-33.5012919,-70.7602046,0,2.0,False,2026-10-06 17:23:05
PF_PCSP_20260907_20261004,PF_PCSP_20260907_20261004_218A_051,Argentina & Av. Los Pajaritos,Móviles,218A,Robo en lugar habitado,Robo en lugar habitado,Robo en lugar habitado,5,-33.4985657,-70.7575299,0,2.0,False,2026-10-06 17:23:05
PF_PCSP_20260907_20261004,PF_PCSP_20260907_20261004_218A_052,Av. Los Pajaritos & Pje. Elena Revuelta,Móviles,218A,Robo en lugar habitado,Robo en lugar habitado,Robo en lugar habitado,6,-33.4958924,-70.7575521,0,2.0,False,2026-10-06 17:23:05
PF_PCSP_20260907_20261004,PF_PCSP_20260907_20261004_219_053,Diego Barros Ortiz & Pje. Monjas Francesas,Móviles,219,Robo en lugar habitado,Robo en lugar habitado,Robo en lugar habitado,1,-33.5230959,-70.7851159,2,20.0,True,2026-10-06 17:23:05
PF_PCSP_20260907_20261004,PF_PCSP_20260907_20261004_219_054,Av. 3 Poniente & Campanario,Móviles,219,Robo en lugar habitado,Robo en lugar habitado,Robo en lugar habitado,2,-33.5200061,-70.7792179,0,2.0,False,2026-10-06 17:23:05
PF_PCSP_20260907_20261004,PF_PCSP_20260907_20261004_219_055,Av. 3 Poniente & Av. Portales,Móviles,219,Robo en lugar habitado,Robo en lugar habitado,Robo en lugar habitado,3,-33.5181943,-70.779164,0,4.0,False,2026-10-06 17:23:05
PF_PCSP_20260907_20261004,PF_PCSP_20260907_20261004_219_056,Av. Portales & Pje. Los Zorzales,Móviles,219,Robo en lugar habitado,Robo en lugar habitado,Robo en lugar habitado,4,-33.5181762,-70.7773737,0,2.0,False,2026-10-06 17:23:05
PF_PCSP_20260907_20261004,PF_PCSP_20260907_20261004_219_057,Pje. Las Quinchas & Pje. Los Zarzales,Móviles,219,Robos violentos,Robos violentos,Robos violentos,5,-33.5133948,-70.7814602,1,10.0,True,2026-10-06 17:23:05
PF_PCSP_20260907_20261004,PF_PCSP_20260907_20261004_219_058,Av. El Olimpo & Medialuna,Móviles,219,Alcohol y drogas en vía pública,Alcohol y drogas en vía pública,Alcohol y drogas,6,-33.5088432,-70.7755863,1,10.0,True,2026-10-06 17:23:05
PF_PCSP_20260907_20261004,PF_PCSP_20260907_20261004_221C_059,Av. El Olimpo & Pje. Nido De Águilas,Móviles,221C,Robo en lugar habitado,Robo en lugar habitado,Robo en lugar habitado,1,-33.5272121,-70.7750651,1,10.0,True,2026-10-06 17:23:05
PF_PCSP_20260907_20261004,PF_PCSP_20260907_20261004_221C_060,Av. Nueva San Martín & Del Rey,Móviles,221C,Robo en lugar habitado,Robo en lugar habitado,Robo en lugar habitado,2,-33.5249042,-70.7704437,0,2.0,False,2026-10-06 17:23:05
PF_PCSP_20260907_20261004,PF_PCSP_20260907_20261004_221C_061,Los Diamantes & Pje. Javier De La Rosa,Móviles,221C,Robo en lugar habitado,Robo en lugar habitado,Robo en lugar habitado,3,-33.5255525,-70.7670186,0,4.0,False,2026-10-06 17:23:05
PF_PCSP_20260907_20261004,PF_PCSP_20260907_20261004_221C_062,Luis Hernández Parker & Pje. Hugo Silva Endeiza,Móviles,221C,Robo en lugar habitado,Robo en lugar habitado,Robo en lugar habitado,4,-33.5296577,-70.7674971,0,2.0,False,2026-10-06 17:23:05
PF_PCSP_20260907_20261004,PF_PCSP_20260907_20261004_221C_063,Los Diamantes & Pje. Alfonso Reyes Mesa,Móviles,221C,Robo en lugar habitado,Robo en lugar habitado,Robo en lugar habitado,5,-33.5307587,-70.7670156,0,2.0,False,2026-10-06 17:23:05
PF_PCSP_20260907_20261004,PF_PCSP_20260907_20261004_221C_064,Andrés Amenabar Vergara & Hermógenes Pérez De Arce,Móviles,221C,Robo en lugar habitado,Robo en lugar habitado,Robo en lugar habitado,6,-33.5319756,-70.768505,0,2.0,False,2026-10-06 17:23:05
